#{"t_start": 1523315444.7742028, "gym_version": "0.9.4", "env_id": "BreakoutNoFrameskip-v4"}
r,l,t
0.0,125,333.38693
10.0,434,339.126628
1.0,157,341.079222
0.0,129,342.651961
1.0,173,344.844865
0.0,127,346.377642
0.0,129,347.966611
0.0,129,349.537568
4.0,317,353.620174
0.0,127,355.200751
3.0,250,358.367466
2.0,203,360.983868
1.0,171,363.123755
3.0,270,366.587539
4.0,279,370.188046
1.0,177,372.53624
0.0,125,374.058581
3.0,258,377.458945
0.0,127,379.033393
0.0,127,380.614628
0.0,129,382.20245
1.0,155,384.143246
5.0,344,388.605027
0.0,125,390.161936
0.0,125,391.593613
2.0,200,394.101403
0.0,129,395.685327
0.0,127,397.230885
0.0,127,398.748987
0.0,129,400.306359
0.0,129,401.920451
1.0,174,404.081276
0.0,127,405.623247
0.0,129,407.142268
2.0,209,409.741488
0.0,129,411.384315
5.0,350,415.770932
1.0,153,417.653992
5.0,345,422.034198
0.0,127,423.602465
0.0,129,425.166978
2.0,183,427.463212
0.0,123,428.941055
1.0,155,430.79036
0.0,129,432.367279
0.0,125,433.868145
0.0,125,435.399849
2.0,202,437.975521
7.0,324,442.230466
2.0,222,445.073041
0.0,125,446.560849
3.0,251,449.76961
1.0,170,451.868339
0.0,129,453.41436
5.0,371,458.230771
0.0,127,459.760659
2.0,189,462.137266
2.0,202,464.70285
2.0,204,467.32793
0.0,127,468.838627
2.0,199,471.30982
0.0,127,472.809854
1.0,159,474.791841
2.0,204,477.338279
2.0,224,480.250527
1.0,157,482.181485
2.0,221,484.997407
0.0,127,486.52985
5.0,330,490.74719
0.0,123,492.311995
2.0,202,494.8944
0.0,129,496.419342
1.0,173,498.618202
2.0,192,501.043845
2.0,222,503.885212
1.0,171,505.957612
2.0,201,508.484326
2.0,219,511.297111
0.0,129,512.882618
0.0,127,514.387028
2.0,200,516.949481
0.0,125,518.437443
3.0,248,521.530966
3.0,247,524.749545
0.0,127,526.303536
2.0,200,528.805101
0.0,129,530.343883
2.0,208,532.896668
0.0,127,534.456301
0.0,129,536.009622
0.0,127,537.533669
2.0,224,540.31759
1.0,155,542.255872
1.0,155,544.150134
0.0,127,545.70527
0.0,127,547.253119
4.0,281,550.891984
0.0,129,552.461698
4.0,280,556.153139
1.0,175,558.437533
3.0,245,561.664834
3.0,276,565.254897
0.0,123,566.821266
0.0,125,568.370969
1.0,155,570.366726
0.0,129,571.955099
4.0,299,576.009403
1.0,173,578.180825
1.0,173,580.349737
1.0,152,582.194811
3.0,216,584.991578
5.0,325,589.210239
0.0,129,590.816712
0.0,129,592.415
4.0,302,596.25861
4.0,297,600.06302
2.0,224,602.917327
1.0,173,605.085513
2.0,223,607.90235
1.0,177,610.116711
0.0,129,611.675242
1.0,155,613.596134
3.0,219,616.368669
0.0,127,617.988638
0.0,125,619.520721
0.0,127,621.065799
1.0,174,623.219648
2.0,202,625.765486
0.0,129,627.342974
0.0,125,628.904647
4.0,283,632.504748
2.0,203,635.08145
0.0,127,636.631578
0.0,125,638.153196
1.0,155,640.055865
2.0,204,642.668899
2.0,185,645.008949
0.0,129,646.610794
4.0,301,650.533691
0.0,129,652.077964
0.0,129,653.677952
0.0,127,655.240849
3.0,232,658.165474
4.0,300,662.015444
4.0,321,666.162204
3.0,274,669.681756
4.0,322,673.835137
2.0,202,676.390575
1.0,155,678.314692
4.0,280,681.948357
3.0,230,684.908474
2.0,190,687.267842
0.0,127,688.742689
4.0,300,692.579716
1.0,153,694.493794
1.0,175,696.575126
0.0,129,698.125576
4.0,297,701.963065
0.0,129,703.550303
2.0,200,706.075684
0.0,127,707.654395
2.0,222,710.417225
3.0,251,713.593623
0.0,125,715.034156
2.0,206,717.675996
3.0,272,721.140183
1.0,174,723.283298
2.0,222,726.01643
0.0,127,727.586455
1.0,176,729.826951
2.0,220,732.647933
3.0,212,735.307109
0.0,125,736.723902
3.0,267,740.157276
0.0,123,741.681567
2.0,218,744.408136
0.0,129,745.974971
4.0,265,749.354141
0.0,129,750.903078
2.0,198,753.424506
2.0,201,755.990066
1.0,157,757.9659
0.0,127,759.494803
0.0,125,761.008794
1.0,175,763.196541
0.0,127,764.737325
1.0,155,766.703813
1.0,173,768.870434
0.0,123,770.358796
0.0,129,771.90901
0.0,129,773.496289
0.0,123,775.007899
0.0,129,776.549095
1.0,173,778.741729
1.0,177,780.982368
0.0,125,782.525536
0.0,123,784.035836
0.0,127,785.599332
1.0,153,787.513381
3.0,252,790.712301
0.0,125,792.223982
2.0,202,794.681181
2.0,207,797.287595
3.0,250,800.528852
7.0,321,804.659446
2.0,204,807.180843
2.0,202,809.770478
0.0,123,811.220214
0.0,127,812.755737
0.0,127,814.317992
0.0,127,815.821637
0.0,125,817.318709
1.0,173,819.509325
0.0,127,821.011025
0.0,129,822.495231
9.0,419,827.997698
0.0,129,829.488645
0.0,125,831.020795
0.0,129,832.524081
1.0,173,834.624631
0.0,125,836.130915
0.0,127,837.665346
3.0,248,840.853334
0.0,129,842.373464
5.0,348,846.825967
4.0,297,850.484465
0.0,129,852.030978
2.0,202,854.526464
3.0,270,858.039583
3.0,270,861.527786
6.0,380,866.432808
2.0,202,868.921211
5.0,348,873.35329
0.0,127,874.886562
0.0,129,876.385381
1.0,155,878.229388
0.0,125,879.735022
1.0,173,881.886224
0.0,129,883.44012
0.0,129,885.009628
0.0,129,886.556953
4.0,299,890.437593
0.0,127,891.998406
4.0,318,896.128055
1.0,153,898.032226
2.0,202,900.617838
0.0,127,902.195959
5.0,346,906.746229
8.0,378,911.48393
2.0,202,913.982983
0.0,129,915.513934
0.0,129,917.10475
1.0,173,919.285615
0.0,125,920.768016
3.0,271,924.248501
0.0,125,925.739285
4.0,278,929.323826
0.0,127,930.870741
1.0,172,933.033892
0.0,129,934.596889
0.0,129,936.145633
1.0,159,938.145091
0.0,127,939.676163
2.0,200,942.112067
1.0,171,944.263157
2.0,198,946.778057
0.0,127,948.310175
2.0,201,950.692907
0.0,123,952.121243
2.0,201,954.621191
1.0,155,956.559225
2.0,205,959.075028
3.0,253,962.391093
0.0,129,963.948996
0.0,129,965.531417
5.0,305,969.460921
9.0,424,974.955594
0.0,127,976.516711
3.0,250,979.669774
2.0,202,982.155536
2.0,200,984.714411
1.0,173,986.815535
0.0,129,988.343609
0.0,125,989.85233
1.0,155,991.741505
2.0,198,994.141662
0.0,125,995.584517
11.0,499,1002.02683
0.0,129,1003.624312
2.0,222,1006.373444
2.0,201,1008.849566
0.0,129,1010.36332
6.0,417,1015.672241
2.0,206,1018.245066
3.0,249,1021.433048
0.0,129,1023.047288
0.0,129,1024.567559
1.0,173,1026.664374
2.0,200,1029.186078
1.0,152,1031.053389
1.0,154,1032.941329
0.0,127,1034.473873
1.0,155,1036.33209
0.0,129,1037.946056
2.0,185,1040.304422
1.0,177,1042.593771
1.0,173,1044.690824
1.0,176,1046.894245
0.0,127,1048.419188
0.0,129,1049.944871
1.0,175,1052.102808
3.0,248,1055.154883
0.0,127,1056.703886
0.0,129,1058.282907
1.0,153,1060.088699
1.0,155,1061.997827
0.0,127,1063.538801
0.0,127,1065.123285
0.0,129,1066.691618
0.0,127,1068.217742
1.0,175,1070.434865
0.0,129,1072.020512
0.0,127,1073.578068
2.0,200,1076.035919
2.0,202,1078.557866
2.0,200,1081.084273
0.0,129,1082.640883
0.0,129,1084.189896
0.0,127,1085.730767
0.0,127,1087.281894
3.0,230,1090.143608
0.0,127,1091.653346
5.0,350,1096.030391
6.0,399,1101.146843
1.0,173,1103.231498
0.0,129,1104.733595
0.0,127,1106.221932
4.0,297,1110.044448
0.0,129,1111.582353
2.0,202,1114.118773
2.0,220,1116.841478
6.0,401,1121.975762
0.0,129,1123.505578
3.0,250,1126.642718
0.0,125,1128.146614
8.0,480,1134.248606
4.0,291,1137.962011
0.0,127,1139.514838
10.0,433,1145.131226
2.0,202,1147.649325
0.0,129,1149.194152
5.0,330,1153.446257
0.0,129,1154.972867
10.0,431,1160.643394
4.0,299,1164.474321
0.0,125,1165.920582
0.0,129,1167.411636
2.0,202,1169.918778
0.0,125,1171.42688
2.0,202,1173.965672
0.0,129,1175.467836
5.0,352,1179.876261
0.0,129,1181.462972
0.0,123,1182.890924
2.0,200,1185.365964
1.0,157,1187.206363
4.0,319,1191.251763
0.0,127,1192.757751
2.0,202,1195.282019
0.0,127,1196.795633
2.0,202,1199.274779
0.0,129,1200.748454
3.0,246,1203.818514
4.0,299,1207.563668
0.0,129,1209.090086
2.0,200,1211.585309
5.0,330,1215.686197
0.0,129,1217.268273
0.0,125,1218.801511
1.0,172,1220.990148
6.0,382,1225.862275
2.0,202,1228.368371
0.0,129,1229.919102
2.0,202,1232.41647
0.0,123,1233.91701
5.0,347,1238.344621
0.0,129,1239.893345
2.0,198,1242.352642
5.0,350,1246.710692
2.0,200,1249.225009
3.0,246,1252.281639
0.0,129,1253.767743
0.0,125,1255.252611
0.0,129,1256.852498
5.0,350,1261.278022
0.0,129,1262.804899
6.0,380,1267.704449
0.0,127,1269.225312
0.0,127,1270.69778
0.0,127,1272.278606
2.0,202,1274.81654
2.0,202,1277.28912
3.0,230,1280.105536
0.0,129,1281.617916
0.0,129,1283.165193
0.0,127,1284.692173
0.0,127,1286.192923
9.0,404,1291.380367
1.0,173,1293.485561
5.0,352,1297.852709
9.0,404,1303.054808
0.0,127,1304.542756
0.0,125,1305.99336
1.0,173,1308.126354
2.0,200,1310.661029
0.0,127,1312.128808
0.0,127,1313.609571
1.0,175,1315.672604
9.0,380,1320.483044
1.0,177,1322.673469
0.0,127,1324.186805
0.0,123,1325.645021
0.0,129,1327.18334
0.0,129,1328.755444
0.0,129,1330.33728
0.0,127,1331.821397
0.0,125,1333.243571
0.0,127,1334.729235
0.0,129,1336.248563
0.0,129,1337.828258
0.0,127,1339.310185
1.0,172,1341.34583
0.0,127,1342.82989
0.0,127,1344.288125
0.0,129,1345.776089
1.0,157,1347.66347
6.0,397,1352.596055
4.0,319,1356.589671
0.0,127,1358.113805
7.0,406,1363.329934
0.0,129,1364.835006
3.0,268,1368.213843
0.0,127,1369.723798
0.0,129,1371.267154
0.0,127,1372.774096
4.0,297,1376.456578
2.0,202,1378.947569
5.0,350,1383.217114
0.0,125,1384.662486
0.0,127,1386.148173
0.0,127,1387.628893
1.0,169,1389.677839
5.0,368,1394.367947
1.0,174,1396.497521
2.0,200,1398.971733
0.0,125,1400.421359
0.0,127,1401.959292
1.0,155,1403.822769
0.0,127,1405.33028
0.0,129,1406.856247
2.0,200,1409.340306
0.0,129,1410.849437
0.0,125,1412.322846
5.0,328,1416.376595
2.0,202,1418.842626
5.0,350,1423.316183
4.0,297,1426.963159
5.0,350,1431.435494
2.0,202,1433.902298
1.0,171,1435.954434
10.0,433,1441.515941
0.0,127,1443.070802
3.0,248,1446.258109
0.0,129,1447.82703
3.0,226,1450.73415
0.0,129,1452.245054
0.0,125,1453.726198
0.0,125,1455.250961
5.0,350,1459.790114
0.0,129,1461.302883
0.0,129,1462.868587
2.0,200,1465.27031
0.0,127,1466.768896
0.0,127,1468.276181
0.0,127,1469.795413
0.0,127,1471.26371
2.0,200,1473.749726
0.0,129,1475.281996
0.0,127,1476.79751
2.0,200,1479.266189
0.0,129,1480.826989
0.0,125,1482.33632
0.0,125,1483.774366
0.0,127,1485.221451
0.0,127,1486.691896
5.0,350,1491.252467
2.0,202,1493.751846
0.0,125,1495.229746
0.0,129,1496.800566
4.0,298,1500.526932
4.0,293,1504.169529
10.0,431,1509.649578
6.0,399,1514.692308
5.0,350,1519.214605
1.0,157,1521.129864
2.0,198,1523.563151
0.0,129,1525.109455
0.0,127,1526.61539
0.0,127,1528.191989
5.0,332,1532.380641
4.0,299,1536.043775
0.0,129,1537.56792
5.0,352,1541.955412
1.0,170,1544.033263
0.0,129,1545.54321
2.0,200,1547.990707
2.0,202,1550.548289
1.0,153,1552.469673
0.0,129,1553.94026
0.0,125,1555.418767
9.0,404,1560.523126
2.0,206,1563.045311
1.0,173,1565.153613
1.0,174,1567.270835
4.0,299,1570.937737
0.0,125,1572.376465
2.0,202,1574.829326
1.0,157,1576.775596
2.0,222,1579.650528
3.0,248,1582.720051
0.0,129,1584.214311
4.0,297,1588.019488
6.0,399,1593.123762
2.0,202,1595.570871
9.0,382,1600.310592
0.0,127,1601.826088
3.0,250,1604.967219
4.0,297,1608.721103
3.0,246,1611.842549
0.0,129,1613.388842
5.0,350,1617.855328
0.0,129,1619.3549
2.0,200,1621.765781
0.0,129,1623.273263
0.0,129,1624.786544
2.0,202,1627.252508
3.0,246,1630.323967
0.0,127,1631.787088
0.0,127,1633.276842
5.0,350,1637.729268
0.0,129,1639.270895
0.0,129,1640.775833
2.0,200,1643.237404
2.0,202,1645.733064
2.0,202,1648.199814
0.0,129,1649.685395
0.0,127,1651.129094
9.0,404,1656.297111
5.0,350,1660.852361
0.0,129,1662.388088
0.0,129,1663.861189
1.0,175,1665.93603
0.0,129,1667.461334
4.0,280,1671.014821
6.0,379,1675.829988
3.0,230,1678.699604
0.0,125,1680.189166
5.0,350,1684.589653
9.0,404,1689.607952
4.0,277,1692.980322
2.0,200,1695.468349
0.0,129,1697.081278
0.0,129,1698.614875
4.0,280,1702.147983
0.0,129,1703.629808
4.0,301,1707.513323
7.0,322,1711.512437
5.0,328,1715.672978
8.0,374,1720.386669
1.0,155,1722.218817
2.0,200,1724.742798
2.0,198,1727.226911
6.0,380,1732.00907
2.0,202,1734.452381
0.0,129,1735.947357
2.0,202,1738.386416
1.0,159,1740.323279
0.0,129,1741.847441
0.0,129,1743.368845
5.0,366,1748.014796
3.0,248,1751.051013
6.0,422,1756.40548
5.0,326,1760.661358
2.0,187,1763.023691
0.0,129,1764.57352
2.0,223,1767.456619
0.0,129,1769.019752
0.0,129,1770.602206
4.0,297,1774.319554
1.0,155,1776.170234
9.0,404,1781.292761
5.0,350,1785.642211
9.0,404,1790.650995
0.0,127,1792.083457
0.0,127,1793.630674
13.0,478,1799.577867
2.0,205,1802.131328
1.0,177,1804.247942
4.0,297,1807.902813
4.0,298,1811.551136
2.0,200,1813.982435
4.0,300,1817.707828
0.0,129,1819.24234
2.0,185,1821.517064
1.0,173,1823.580567
0.0,127,1825.079271
2.0,200,1827.507606
1.0,159,1829.425422
0.0,129,1830.904283
0.0,125,1832.361428
2.0,207,1834.921959
5.0,350,1839.314461
0.0,127,1840.785531
0.0,127,1842.253019
0.0,127,1843.731241
5.0,352,1848.175425
2.0,200,1850.691498
3.0,230,1853.589001
0.0,129,1855.144585
2.0,200,1857.589901
0.0,127,1859.08852
0.0,129,1860.596373
1.0,177,1862.780318
0.0,127,1864.273205
3.0,250,1867.347577
5.0,371,1871.970259
4.0,319,1875.939234
0.0,129,1877.510647
2.0,204,1879.99545
0.0,127,1881.541287
3.0,230,1884.366103
3.0,221,1887.082342
0.0,127,1888.614469
5.0,346,1892.938746
0.0,129,1894.481287
0.0,125,1895.973747
5.0,350,1900.293455
1.0,176,1902.412751
3.0,271,1905.770329
4.0,313,1909.6096
11.0,499,1915.9488
0.0,127,1917.452913
8.0,497,1923.736066
0.0,127,1925.199192
1.0,173,1927.259041
1.0,155,1929.090542
2.0,204,1931.568555
10.0,434,1937.06944
0.0,129,1938.627544
1.0,157,1940.594538
2.0,222,1943.349555
0.0,129,1944.859699
0.0,127,1946.321146
2.0,202,1948.725529
0.0,129,1950.244969
13.0,459,1956.000754
2.0,225,1958.701849
0.0,127,1960.24742
0.0,127,1961.77905
3.0,230,1964.549175
2.0,198,1966.982529
4.0,283,1970.580447
0.0,129,1972.060209
4.0,279,1975.581714
0.0,125,1977.062635
0.0,127,1978.600722
0.0,127,1980.135751
0.0,127,1981.644916
2.0,182,1983.876074
0.0,127,1985.385606
1.0,153,1987.165193
3.0,272,1990.547169
1.0,176,1992.718387
0.0,129,1994.182871
0.0,129,1995.677353
0.0,125,1997.174824
2.0,206,1999.784509
1.0,158,2001.732283
5.0,349,2006.153243
2.0,185,2008.496554
0.0,127,2010.077144
0.0,129,2011.570462
4.0,299,2015.242711
2.0,202,2017.704024
2.0,202,2020.104582
3.0,230,2023.017934
5.0,352,2027.511293
1.0,157,2029.404194
1.0,157,2031.244495
1.0,157,2033.110629
4.0,299,2036.81849
9.0,404,2041.989106
1.0,175,2044.064418
4.0,297,2047.80924
7.0,429,2053.121291
0.0,127,2054.619928
0.0,127,2056.105431
4.0,262,2059.473286
4.0,299,2063.173228
0.0,125,2064.640748
1.0,177,2066.789578
2.0,225,2069.575691
4.0,302,2073.298501
0.0,123,2074.718854
0.0,129,2076.2119
0.0,127,2077.758427
0.0,127,2079.265971
3.0,232,2082.168681
4.0,301,2085.811074
1.0,157,2087.720742
1.0,157,2089.594362
1.0,155,2091.446435
5.0,293,2095.168
6.0,362,2099.72193
1.0,174,2101.890156
1.0,153,2103.744852
1.0,153,2105.62617
1.0,171,2107.743786
5.0,347,2112.158056
3.0,252,2115.236318
2.0,187,2117.52583
4.0,297,2121.267208
1.0,177,2123.395299
1.0,155,2125.247936
0.0,129,2126.775389
6.0,381,2131.446936
1.0,175,2133.532757
2.0,202,2135.932281
1.0,157,2137.828155
3.0,212,2140.403173
1.0,153,2142.26419
2.0,185,2144.512821
7.0,450,2150.295818
3.0,230,2153.127244
0.0,129,2154.635099
4.0,320,2158.601971
4.0,275,2161.976921
5.0,350,2166.372963
4.0,302,2170.113054
0.0,129,2171.555894
2.0,225,2174.329813
6.0,403,2179.395473
9.0,404,2184.49605
1.0,155,2186.349543
2.0,187,2188.622141
1.0,157,2190.543775
1.0,153,2192.371401
0.0,127,2193.823606
2.0,200,2196.253012
0.0,123,2197.738211
1.0,155,2199.606853
1.0,157,2201.496341
0.0,127,2203.002506
3.0,255,2206.168932
6.0,379,2210.797584
4.0,247,2213.860551
0.0,129,2215.441113
2.0,204,2217.899058
1.0,173,2219.939989
0.0,127,2221.431133
2.0,183,2223.626489
1.0,157,2225.468516
1.0,157,2227.34029
1.0,176,2229.514442
2.0,184,2231.708174
3.0,216,2234.322804
0.0,125,2235.771453
1.0,178,2237.96029
3.0,273,2241.410596
0.0,129,2242.946981
2.0,182,2245.206073
5.0,350,2249.616134
3.0,211,2252.293621
2.0,204,2254.828293
3.0,235,2257.765385
5.0,347,2262.086331
2.0,183,2264.245047
3.0,234,2267.086817
9.0,404,2272.112937
4.0,299,2275.769742
2.0,201,2278.199944
4.0,303,2281.878156
6.0,360,2286.431748
6.0,379,2291.201427
0.0,125,2292.620261
5.0,350,2296.947727
2.0,206,2299.587101
4.0,299,2303.221165
2.0,206,2305.76966
1.0,155,2307.612092
2.0,224,2310.361932
1.0,173,2312.458014
2.0,200,2314.821522
3.0,216,2317.441282
1.0,155,2319.270211
3.0,232,2322.046352
4.0,245,2325.081974
0.0,129,2326.622579
1.0,157,2328.526223
4.0,264,2331.838872
5.0,345,2336.137128
1.0,155,2337.984603
2.0,185,2340.258374
1.0,178,2342.427064
3.0,234,2345.221811
2.0,181,2347.38253
4.0,297,2351.143339
6.0,417,2356.297092
1.0,155,2358.229096
0.0,129,2359.802022
4.0,264,2363.017663
2.0,187,2365.305833
3.0,252,2368.37728
4.0,321,2372.330517
3.0,250,2375.499422
3.0,252,2378.535332
4.0,278,2381.979821
10.0,450,2387.716214
8.0,329,2391.84015
1.0,172,2393.935276
0.0,125,2395.422478
5.0,327,2399.473055
3.0,233,2402.294094
9.0,382,2407.023263
4.0,245,2410.0878
3.0,230,2412.849755
0.0,129,2414.352137
4.0,260,2417.62522
0.0,129,2419.147023
3.0,270,2422.436292
2.0,218,2425.09203
5.0,342,2429.342928
4.0,300,2433.026743
3.0,214,2435.615964
1.0,176,2437.667897
5.0,326,2441.652796
4.0,241,2444.670332
4.0,319,2448.678979
1.0,152,2450.410062
5.0,350,2454.781234
1.0,157,2456.684224
1.0,157,2458.534084
7.0,444,2464.070343
1.0,177,2466.127117
1.0,155,2468.000151
1.0,154,2469.856807
1.0,155,2471.676905
1.0,155,2473.454579
4.0,301,2477.243245
3.0,212,2479.776053
1.0,177,2481.92321
3.0,230,2484.704096
1.0,155,2486.55664
5.0,293,2490.140917
4.0,297,2493.695523
1.0,155,2495.545657
3.0,235,2498.422699
11.0,271,2501.732188
3.0,248,2504.795921
0.0,129,2506.356211
3.0,234,2509.203589
1.0,176,2511.303535
0.0,129,2512.786244
0.0,127,2514.250417
0.0,129,2515.721316
4.0,295,2519.413561
2.0,206,2521.891952
1.0,178,2524.027037
0.0,129,2525.542061
3.0,230,2528.360972
1.0,155,2530.187062
7.0,427,2535.47598
1.0,155,2537.320703
4.0,299,2540.973149
5.0,348,2545.269474
4.0,261,2548.440246
1.0,175,2550.539819
9.0,404,2555.497501
10.0,454,2561.230345
0.0,129,2562.714277
8.0,471,2568.491736
0.0,127,2569.983658
5.0,350,2574.300349
6.0,358,2578.738864
3.0,249,2581.669599
1.0,154,2583.513434
4.0,265,2586.706787
2.0,204,2589.143291
2.0,204,2591.560697
2.0,202,2594.019572
3.0,232,2596.818768
5.0,350,2601.174367
3.0,228,2603.948093
8.0,281,2607.411868
1.0,153,2609.234507
0.0,129,2610.673178
1.0,155,2612.47198
0.0,129,2613.965799
2.0,183,2616.116467
3.0,218,2618.789134
7.0,395,2623.651381
6.0,398,2628.524616
0.0,127,2629.966305
2.0,202,2632.404576
3.0,230,2635.159164
7.0,250,2638.214025
2.0,183,2640.402488
3.0,218,2643.087731
4.0,264,2646.238918
6.0,361,2650.707611
0.0,129,2652.214135
3.0,251,2655.293932
2.0,223,2658.098777
5.0,350,2662.38948
0.0,129,2663.910001
0.0,127,2665.399723
3.0,214,2667.990213
5.0,347,2672.302165
2.0,227,2675.021209
0.0,127,2676.443643
3.0,232,2679.208499
3.0,234,2682.122632
3.0,249,2685.087331
10.0,454,2690.639098
4.0,319,2694.473575
6.0,357,2698.848597
3.0,233,2701.64514
3.0,252,2704.711617
1.0,153,2706.532279
2.0,201,2708.941504
2.0,206,2711.429126
10.0,570,2718.601593
2.0,203,2721.037189
2.0,185,2723.267129
0.0,129,2724.794402
1.0,152,2726.603998
9.0,380,2731.284609
1.0,154,2733.092624
5.0,306,2736.870126
3.0,232,2739.65977
2.0,206,2742.109298
2.0,183,2744.302888
9.0,425,2749.518743
6.0,354,2753.8619
0.0,129,2755.373195
3.0,252,2758.535031
2.0,206,2761.039588
1.0,155,2762.91718
8.0,297,2766.429377
4.0,319,2770.324207
2.0,223,2773.021795
5.0,368,2777.495703
8.0,493,2783.717052
9.0,397,2788.607099
7.0,248,2791.606955
3.0,236,2794.471237
0.0,127,2795.891045
5.0,350,2800.172544
1.0,176,2802.23078
13.0,459,2807.810447
11.0,448,2813.322692
5.0,355,2817.696632
5.0,293,2821.342257
6.0,341,2825.576284
3.0,237,2828.349533
4.0,278,2831.74868
7.0,432,2837.085396
6.0,379,2841.72958
0.0,127,2843.191111
4.0,283,2846.639358
8.0,411,2851.691859
10.0,451,2857.206262
6.0,396,2862.014752
1.0,155,2863.826158
7.0,382,2868.414054
6.0,318,2872.296293
0.0,127,2873.698766
10.0,433,2879.001117
5.0,326,2882.94249
6.0,374,2887.508348
1.0,176,2889.541153
4.0,299,2893.099686
2.0,223,2895.800049
9.0,310,2899.531491
5.0,293,2903.116627
4.0,266,2906.30138
9.0,313,2910.113431
5.0,311,2913.878234
4.0,270,2917.086966
6.0,402,2921.974475
6.0,394,2926.707906
6.0,405,2931.652643
2.0,201,2934.080824
4.0,258,2937.142969
3.0,229,2939.820862
5.0,374,2944.375235
6.0,328,2948.349801
2.0,206,2950.780988
8.0,281,2954.163512
4.0,283,2957.584219
2.0,200,2960.039654
6.0,327,2964.053113
4.0,277,2967.481887
8.0,304,2971.177163
4.0,258,2974.381298
2.0,227,2977.132089
5.0,292,2980.625406
12.0,525,2987.059206
11.0,410,2992.052307
2.0,224,2994.697955
5.0,313,2998.511403
2.0,186,3000.686962
12.0,433,3005.9454
8.0,439,3011.380211
3.0,235,3014.172726
11.0,499,3020.294013
2.0,220,3022.85309
14.0,560,3029.778249
3.0,248,3032.750554
17.0,624,3040.292753
3.0,252,3043.293083
5.0,352,3047.482979
7.0,427,3052.61068
6.0,341,3056.664087
11.0,381,3061.323764
4.0,302,3065.005137
7.0,428,3070.085861
4.0,298,3073.648502
6.0,400,3078.461747
8.0,476,3084.244843
14.0,584,3091.456314
4.0,323,3095.333384
5.0,290,3098.761369
11.0,271,3101.98895
7.0,248,3104.878506
11.0,498,3110.980663
10.0,432,3116.22168
7.0,248,3119.1562
2.0,199,3121.489692
3.0,236,3124.279204
2.0,227,3126.913881
2.0,183,3129.061793
3.0,218,3131.607668
3.0,252,3134.62952
1.0,154,3136.386906
5.0,363,3140.819249
5.0,311,3144.552131
7.0,248,3147.468196
6.0,418,3152.561883
5.0,327,3156.564381
11.0,271,3159.841913
11.0,496,3165.875586
7.0,248,3168.802883
9.0,488,3174.6389
14.0,503,3180.742946
6.0,378,3185.283351
7.0,406,3190.279882
2.0,204,3192.568434
11.0,409,3197.401732
1.0,155,3199.19105
3.0,232,3201.771821
6.0,362,3206.03682
1.0,155,3207.798652
12.0,323,3211.54072
6.0,362,3215.756327
5.0,333,3219.607333
2.0,203,3221.90166
8.0,415,3226.866639
6.0,377,3231.393551
6.0,346,3235.492132
11.0,478,3241.282152
15.0,433,3246.546155
6.0,345,3250.647124
5.0,289,3254.085895
10.0,367,3258.56761
10.0,429,3263.734215
2.0,201,3266.075334
7.0,386,3270.688204
4.0,264,3273.821026
7.0,357,3278.145562
7.0,417,3283.124358
2.0,184,3285.255663
2.0,203,3287.605488
8.0,297,3291.158097
8.0,464,3296.683984
5.0,329,3300.668981
8.0,475,3306.526832
12.0,577,3313.600473
6.0,379,3318.175419
9.0,349,3322.303136
13.0,400,3327.096231
6.0,380,3331.616331
2.0,181,3333.694546
2.0,204,3336.02901
11.0,502,3342.147702
3.0,236,3344.899182
5.0,307,3348.558738
7.0,405,3353.429782
13.0,369,3357.856244
14.0,389,3362.486699
4.0,279,3365.749573
9.0,498,3371.675797
11.0,458,3377.190518
9.0,347,3381.366876
3.0,214,3383.870285
5.0,301,3387.38079
13.0,546,3393.99312
7.0,372,3398.491045
2.0,222,3401.024139
14.0,523,3407.308557
4.0,285,3410.671787
5.0,308,3414.399143
4.0,284,3417.762786
5.0,313,3421.43679
9.0,525,3427.787048
6.0,421,3432.873332
6.0,404,3437.746864
8.0,403,3442.501153
10.0,509,3448.677831
12.0,537,3455.217529
19.0,723,3463.984368
6.0,323,3467.91161
21.0,378,3472.347032
13.0,463,3477.946041
1.0,155,3479.708085
4.0,259,3482.731807
6.0,384,3487.265624
7.0,393,3491.904016
9.0,483,3497.690912
10.0,508,3503.792912
21.0,627,3511.429382
11.0,519,3517.681226
8.0,404,3522.453374
15.0,606,3529.833332
18.0,641,3537.480314
11.0,472,3543.12681
6.0,324,3546.9293
8.0,426,3551.985105
10.0,511,3558.186773
4.0,263,3561.359462
7.0,447,3566.73071
3.0,231,3569.429751
12.0,426,3574.575734
8.0,461,3580.117212
10.0,358,3584.367359
6.0,382,3588.835863
10.0,512,3594.969354
9.0,440,3600.195688
24.0,368,3604.552575
19.0,726,3613.305091
11.0,529,3619.70454
9.0,427,3624.760557
12.0,499,3630.698961
4.0,297,3634.212461
7.0,382,3638.716531
16.0,449,3644.066704
18.0,709,3652.548123
16.0,328,3656.402604
5.0,295,3659.827968
3.0,219,3662.384394
9.0,462,3667.842859
16.0,729,3676.569842
19.0,581,3683.569102
15.0,664,3691.558302
11.0,581,3698.469582
10.0,396,3703.157525
13.0,527,3709.49998
10.0,503,3715.539331
12.0,509,3721.642986
6.0,359,3725.824852
11.0,587,3732.837665
11.0,511,3738.997194
18.0,646,3746.619368
15.0,583,3753.617688
14.0,558,3760.23589
15.0,574,3767.030835
22.0,852,3777.265413
15.0,648,3784.934126
10.0,510,3790.975098
12.0,536,3797.403097
12.0,555,3804.002957
9.0,489,3809.852179
11.0,472,3815.407481
6.0,380,3819.8502
6.0,373,3824.235132
21.0,685,3832.344998
12.0,496,3838.219952
23.0,736,3846.930009
8.0,434,3852.045878
12.0,540,3858.528486
9.0,474,3864.099833
20.0,674,3872.088532
17.0,593,3879.164227
11.0,518,3885.314208
21.0,670,3893.404919
9.0,419,3898.364846
11.0,590,3905.50238
7.0,393,3910.169757
19.0,653,3918.041597
8.0,468,3923.664281
8.0,461,3929.045373
15.0,484,3934.746951
9.0,450,3940.04019
17.0,699,3948.317728
7.0,392,3952.931772
17.0,644,3960.610611
3.0,250,3963.482485
11.0,533,3969.788473
29.0,822,3979.693921
15.0,635,3987.267885
9.0,510,3993.219164
14.0,561,3999.831681
18.0,509,4005.847455
17.0,575,4012.583112
12.0,531,4018.876931
20.0,654,4026.695346
9.0,516,4032.703777
18.0,512,4038.777389
28.0,787,4048.139618
12.0,586,4055.04965
12.0,531,4061.244833
21.0,783,4070.556256
15.0,597,4077.547508
19.0,543,4083.982818
13.0,611,4091.195968
15.0,528,4097.432498
23.0,888,4108.052005
13.0,642,4115.619477
12.0,438,4120.661542
13.0,351,4124.798437
21.0,630,4132.241063
14.0,577,4139.01914
11.0,582,4145.868962
25.0,749,4154.701974
22.0,670,4162.851849
14.0,679,4171.111255
23.0,856,4181.459602
9.0,466,4186.878759
20.0,429,4191.914847
19.0,663,4199.825042
13.0,603,4206.945266
15.0,665,4214.7663
38.0,1082,4227.618561
24.0,777,4236.853533
18.0,775,4245.888505
21.0,755,4254.852423
12.0,529,4261.062144
41.0,1198,4275.180683
18.0,763,4284.246687
22.0,733,4292.902561
18.0,679,4300.8687
13.0,567,4307.472246
34.0,984,4319.109523
18.0,547,4325.483336
24.0,919,4336.209458
18.0,529,4342.463583
9.0,461,4347.851919
37.0,1009,4359.776266
18.0,495,4365.570138
17.0,648,4373.172148
13.0,555,4379.726383
13.0,587,4386.576235
30.0,788,4395.766538
24.0,787,4405.044202
11.0,595,4411.981384
9.0,424,4416.921243
22.0,725,4425.426311
15.0,723,4433.882246
26.0,680,4441.825216
20.0,658,4449.530869
24.0,795,4458.991569
28.0,969,4470.420316
21.0,703,4478.611611
22.0,841,4488.492883
20.0,730,4497.01519
13.0,463,4502.4159
24.0,779,4511.581814
30.0,572,4518.408931
34.0,985,4529.994061
30.0,676,4537.878036
44.0,923,4548.726821
29.0,877,4559.020181
26.0,835,4568.779335
30.0,866,4578.957706
17.0,771,4587.934974
30.0,882,4598.261893
25.0,814,4607.75628
32.0,933,4618.68333
12.0,442,4623.769629
20.0,734,4632.274187
31.0,971,4643.834282
20.0,707,4652.122123
19.0,716,4660.511659
27.0,861,4670.59217
37.0,841,4680.478114
37.0,942,4691.473292
18.0,826,4701.193696
60.0,1434,4718.103452
19.0,854,4728.097164
18.0,757,4736.979053
21.0,744,4745.715209
14.0,608,4752.809236
44.0,1190,4766.929976
41.0,1005,4778.736945
35.0,839,4788.483395
33.0,1122,4801.777712
39.0,1089,4814.627492
31.0,872,4824.946341
33.0,929,4835.781034
22.0,812,4845.200556
48.0,1063,4857.690648
32.0,948,4868.83357
16.0,697,4876.879442
22.0,638,4884.370013
27.0,725,4892.846985
46.0,1211,4906.943238
25.0,785,4916.124362
15.0,647,4923.666909
48.0,955,4934.784917
61.0,1400,4951.270983
24.0,842,4961.027001
17.0,729,4969.549878
20.0,755,4978.365797
30.0,954,4989.563522
78.0,1522,5007.465928
43.0,1038,5019.596061
46.0,902,5030.02938
29.0,693,5038.075397
57.0,1283,5053.064614
36.0,976,5064.63197
24.0,839,5074.419343
51.0,796,5083.646384
34.0,937,5094.642145
40.0,1203,5108.83991
26.0,771,5117.798356
25.0,631,5125.077566
24.0,838,5134.866856
45.0,1067,5147.282471
50.0,1025,5159.254834
42.0,1149,5172.669471
46.0,1159,5186.268413
74.0,1498,5203.788276
72.0,1243,5218.309442
78.0,1352,5234.041852
61.0,1257,5248.8265
56.0,1312,5264.118235
30.0,812,5273.550354
79.0,1526,5291.477142
51.0,994,5302.997648
35.0,1068,5315.37449
30.0,908,5325.906621
15.0,653,5333.54203
29.0,672,5341.37381
31.0,829,5350.986151
46.0,1194,5365.861725
63.0,1128,5379.150405
35.0,1116,5391.859011
51.0,1134,5404.818434
36.0,1027,5416.629883
64.0,1184,5430.323457
42.0,1196,5444.133995
48.0,1250,5458.362068
59.0,1272,5472.962088
67.0,1162,5486.373456
34.0,803,5495.498871
79.0,1618,5514.113205
64.0,1149,5527.258534
53.0,1083,5539.701304
72.0,1631,5558.409014
31.0,889,5568.561661
22.0,841,5578.171864
77.0,1316,5593.269256
45.0,1105,5605.982235
28.0,809,5615.183298
53.0,1306,5630.170228
99.0,1639,5648.883648
33.0,995,5660.308214
69.0,1313,5675.495147
62.0,1411,5691.812538
96.0,1472,5708.722166
38.0,993,5720.055881
42.0,1219,5734.058871
51.0,1140,5747.13309
93.0,1522,5764.6123
63.0,1319,5779.810933
48.0,1277,5794.4595
51.0,1442,5810.896908
42.0,949,5821.705382
74.0,1157,5834.860077
58.0,1205,5848.710789
87.0,1135,5861.622389
47.0,817,5870.969094
88.0,1597,5889.25888
47.0,1061,5901.433891
93.0,1263,5915.759871
22.0,610,5922.673757
60.0,1343,5938.20551
36.0,933,5948.804882
54.0,1069,5961.030771
39.0,955,5971.899671
87.0,1497,5989.081505
64.0,1370,6004.793048
46.0,1181,6018.340918
67.0,1343,6033.66363
93.0,1792,6054.285398
75.0,1407,6070.373562
94.0,1600,6088.736434
56.0,1302,6103.544063
23.0,661,6110.940342
58.0,1287,6125.611967
75.0,1400,6141.696347
40.0,970,6152.747906
49.0,1029,6164.433876
56.0,1213,6178.374676
49.0,1036,6190.18782
79.0,1332,6205.576574
46.0,1209,6219.402807
116.0,1660,6238.437957
100.0,1648,6257.272225
30.0,484,6262.7493
69.0,1342,6278.124288
67.0,1486,6295.132004
17.0,695,6303.06182
71.0,1435,6319.545144
61.0,1265,6333.941703
74.0,1578,6352.008512
42.0,612,6358.863664
69.0,1480,6375.805155
50.0,1207,6389.61428
71.0,1307,6404.429559
48.0,1229,6418.558844
66.0,1272,6433.02712
38.0,694,6440.930629
108.0,1839,6462.0453
113.0,1452,6478.621836
66.0,1125,6491.408161
41.0,1211,6505.215252
64.0,1302,6520.204016
78.0,1330,6535.35885
76.0,1447,6551.832103
58.0,1114,6564.846704
46.0,1210,6579.012159
46.0,1179,6592.600049
71.0,1464,6609.328008
20.0,563,6615.621498
144.0,1894,6637.367958
118.0,1329,6652.503947
147.0,1712,6672.175373
78.0,1206,6685.995748
30.0,871,6695.893323
67.0,1330,6711.0492
56.0,1310,6725.968874
47.0,1102,6738.554238
123.0,1503,6755.929251
53.0,1142,6768.955064
81.0,1353,6784.433648
81.0,1465,6801.161701
88.0,1496,6818.190056
106.0,1591,6836.273001
81.0,1268,6850.781725
113.0,1638,6869.630445
67.0,1288,6884.201584
106.0,1384,6899.984482
68.0,1341,6915.379196
97.0,1532,6932.982449
110.0,1215,6946.812054
76.0,1415,6963.137837
218.0,1882,6984.636015
158.0,1868,7006.002996
73.0,1034,7017.74669
130.0,1638,7036.453013
66.0,894,7046.714418
118.0,1605,7065.018575
180.0,1900,7086.681569
105.0,1659,7105.70627
80.0,1548,7123.346294
62.0,1072,7135.557633
141.0,1615,7154.054003
55.0,1177,7167.596132
99.0,1446,7184.309712
109.0,1505,7201.425885
213.0,1755,7221.48814
101.0,1479,7238.387617
194.0,1725,7258.014577
76.0,1398,7273.983645
50.0,1123,7286.809013
93.0,1268,7301.222543
86.0,1350,7316.554845
41.0,898,7326.703176
120.0,1280,7341.351447
101.0,1462,7358.049654
71.0,1435,7374.314924
184.0,1929,7396.22307
244.0,1908,7418.014242
167.0,1747,7438.052115
88.0,1296,7452.799323
128.0,1805,7473.462461
93.0,1283,7488.030272
118.0,1752,7508.021891
129.0,1594,7526.308299
222.0,1607,7544.590305
246.0,1831,7565.556834
62.0,1403,7581.560631
279.0,2015,7604.536035
77.0,1495,7621.697481
99.0,1572,7639.678064
56.0,1153,7652.842436
66.0,1074,7664.973182
124.0,1797,7685.483185
259.0,2156,7710.299454
321.0,1697,7729.597881
143.0,1686,7748.923646
154.0,1739,7769.174861
107.0,1731,7789.131102
152.0,1330,7804.213979
123.0,1413,7820.339747
273.0,1924,7842.365886
154.0,1762,7862.465512
51.0,1282,7876.969825
80.0,1163,7890.257143
55.0,1266,7904.757889
95.0,1571,7922.615257
129.0,1526,7940.05035
282.0,1739,7959.847385
105.0,1492,7977.002616
74.0,1477,7993.854019
54.0,845,8003.39549
88.0,1480,8020.23061
103.0,1450,8036.85323
61.0,1427,8053.039412
90.0,1454,8069.641722
73.0,1226,8083.574807
85.0,1311,8098.514313
167.0,1611,8116.912834
44.0,933,8127.521387
96.0,1704,8146.982006
79.0,1252,8161.244234
214.0,1453,8177.804477
408.0,1923,8199.677808
150.0,1604,8217.890904
189.0,1785,8238.296912
55.0,1273,8252.782922
198.0,1813,8273.448435
139.0,1677,8292.667833
160.0,1792,8313.073332
127.0,1540,8330.651163
100.0,1433,8346.845392
208.0,1878,8367.97407
45.0,875,8377.718837
118.0,1755,8397.621208
49.0,755,8406.101424
148.0,1625,8424.697782
54.0,1213,8438.41546
365.0,1760,8458.567576
182.0,1152,8471.637807
167.0,1336,8486.863715
127.0,1501,8503.905156
59.0,1140,8516.82663
182.0,1342,8532.057127
179.0,1896,8553.77341
125.0,1310,8568.703701
67.0,1235,8582.720014
99.0,1424,8598.962158
252.0,1343,8614.336126
65.0,1259,8628.603253
99.0,1580,8646.58628
56.0,1055,8658.58901
65.0,1389,8674.455966
134.0,1421,8690.613871
148.0,1378,8706.211738
